{
  "gold": "data\\external_all_validated_augmented_v1\\frozen_gold.jsonl",
  "results": "output\\external_all_validated_augmented_v1_pdf_only_results.json",
  "n_trials": 13,
  "n_bootstrap": 20000,
  "seed": 20260224,
  "metrics": {
    "extraction_coverage": {
      "point": 0.8461538461538461,
      "ci_low_95": 0.6153846153846154,
      "ci_high_95": 1.0
    },
    "strict_match_rate": {
      "point": 0.7692307692307693,
      "ci_low_95": 0.5384615384615384,
      "ci_high_95": 1.0
    },
    "lenient_match_rate": {
      "point": 0.8461538461538461,
      "ci_low_95": 0.6153846153846154,
      "ci_high_95": 1.0
    },
    "effect_type_accuracy": {
      "point": 1.0,
      "ci_low_95": 1.0,
      "ci_high_95": 1.0
    },
    "ci_completeness": {
      "point": 0.9090909090909091,
      "ci_low_95": 0.7,
      "ci_high_95": 1.0
    },
    "ma_ready_yield": {
      "point": 0.7692307692307693,
      "ci_low_95": 0.5384615384615384,
      "ci_high_95": 1.0
    },
    "computed_effect_share": {
      "point": 0.15384615384615385,
      "ci_low_95": 0.0,
      "ci_high_95": 0.38461538461538464
    }
  }
}
